0,1,2,3,4,5,CI_lower,CI_upper,CI_mean
1959-01-01,,,,,,,,
1959-01-02,,,,,,,,
1959-01-03,,,,,,,,
1959-01-04,,,,,,,,
1959-01-05,,,,,,,,
1959-01-06,,,,,,,,
1959-01-07,,,,,,,,
1959-01-08,,,,,,,,
1959-01-09,,,,,,,,
1959-01-10,,,,,,,,
1959-01-11,,,,,,,,
1959-01-12,,,,,,,,
1959-01-13,,,,,,,,
1959-01-14,,,,,,,,
1959-01-15,,,,,,,,
1959-01-16,,,,,,,,
1959-01-17,,,,,,,,
1959-01-18,,,,,,,,
1959-01-19,,,,,,,,
1959-01-20,,,,,,,,
1959-01-21,,,,,,,,
1959-01-22,,,,,,,,
1959-01-23,,,,,,,,
1959-01-24,,,,,,,,
1959-01-25,,,,,,,,
1959-01-26,,,,,,,,
1959-01-27,,,,,,,,
1959-01-28,,,,,,,,
1959-01-29,,,,,,,,
1959-01-30,38.54214859,39.54214859,40.54214859,41.54214859,42.54214859,38.57890542852243,42.50539175147756,40.54214859
1959-01-31,25.65721893,26.65721893,27.65721893,28.65721893,29.65721893,25.69397576852244,29.62046209147756,27.65721893
1959-02-01,26.10061646,27.10061646,28.10061646,29.10061646,30.10061646,26.137373298522444,30.063859621477565,28.100616460000005
1959-02-02,35.72312546,36.72312546,37.72312546,38.72312546,39.72312546,35.759882298522434,39.68636862147756,37.72312546
1959-02-03,41.96896362,42.96896362,43.96896362,44.96896362,45.96896362,42.00572045852243,45.93220678147756,43.96896362
1959-02-04,39.55039978,40.55039978,41.55039978,42.55039978,43.55039978,39.587156618522435,43.51364294147756,41.55039978
1959-02-05,43.15401077,44.15401077,45.15401077,46.15401077,47.15401077,43.190767608522435,47.11725393147756,45.15401077
1959-02-06,39.88908386,40.88908386,41.88908386,42.88908386,43.88908386,39.925840698522435,43.852327021477564,41.88908386
1959-02-07,43.7691803,44.7691803,45.7691803,46.7691803,47.7691803,43.80593713852244,47.732423461477566,45.7691803
1959-02-08,35.9592514,36.9592514,37.9592514,38.9592514,39.9592514,35.996008238522435,39.92249456147756,37.9592514
1959-02-09,34.89105988,35.89105988,36.89105988,37.89105988,38.89105988,34.927816718522436,38.854303041477564,36.89105988
1959-02-10,44.80039597,45.80039597,46.80039597,47.80039597,48.80039597,44.83715280852243,48.76363913147756,46.80039597
1959-02-11,38.87734222,39.87734222,40.87734222,41.87734222,42.87734222,38.91409905852244,42.84058538147757,40.87734222
1959-02-12,42.62427139,43.62427139,44.62427139,45.62427139,46.62427139,42.66102822852243,46.58751455147756,44.62427139
1959-02-13,45.23898315,46.23898315,47.23898315,48.23898315,49.23898315,45.27573998852244,49.20222631147757,47.23898315
1959-02-14,38.97656631,39.97656631,40.97656631,41.97656631,42.97656631,39.01332314852244,42.93980947147757,40.97656631
1959-02-15,46.34260559,47.34260559,48.34260559,49.34260559,50.34260559,46.379362428522434,50.30584875147756,48.34260559
1959-02-16,45.67704773,46.67704773,47.67704773,48.67704773,49.67704773,45.713804568522434,49.64029089147756,47.67704773
1959-02-17,41.76787186,42.76787186,43.76787186,44.76787186,45.76787186,41.804628698522436,45.731115021477564,43.76787186
1959-02-18,39.7459259,40.7459259,41.7459259,42.7459259,43.7459259,39.78268273852244,43.70916906147757,41.7459259
1959-02-19,38.29846191,39.29846191,40.29846191,41.29846191,42.29846191,38.335218748522436,42.261705071477564,40.29846191
1959-02-20,45.71074295,46.71074295,47.71074295,48.71074295,49.71074295,45.74749978852243,49.67398611147756,47.71074295
1959-02-21,38.03676987,39.03676987,40.03676987,41.03676987,42.03676987,38.07352670852244,42.000013031477565,40.03676987
1959-02-22,36.81787872,37.81787872,38.81787872,39.81787872,40.81787872,36.85463555852244,40.78112188147757,38.81787872
1959-02-23,44.65818024,45.65818024,46.65818024,47.65818024,48.65818024,44.694937078522436,48.621423401477564,46.65818024
1959-02-24,43.2780571,44.2780571,45.2780571,46.2780571,47.2780571,43.314813938522434,47.24130026147756,45.2780571
1959-02-25,43.27420425,44.27420425,45.27420425,46.27420425,47.27420425,43.31096108852243,47.23744741147756,45.27420425
1959-02-26,41.18725204,42.18725204,43.18725204,44.18725204,45.18725204,41.22400887852243,45.15049520147756,43.18725204
1959-02-27,37.39902496,38.39902496,39.39902496,40.39902496,41.39902496,37.435781798522434,41.36226812147756,39.39902496
1959-02-28,35.80107498,36.80107498,37.80107498,38.80107498,39.80107498,35.83783181852244,39.76431814147757,37.80107498
1959-03-01,35.32698822,36.32698822,37.32698822,38.32698822,39.32698822,35.36374505852243,39.29023138147756,37.32698822
1959-03-02,29.9590683,30.9590683,31.9590683,32.9590683,33.9590683,29.99582513852244,33.92231146147756,31.959068300000002
1959-03-03,44.23820114,45.23820114,46.23820114,47.23820114,48.23820114,44.27495797852244,48.201444301477565,46.23820114
1959-03-04,41.25059509,42.25059509,43.25059509,44.25059509,45.25059509,41.28735192852243,45.21383825147756,43.25059509
1959-03-05,41.4152565,42.4152565,43.4152565,44.4152565,45.4152565,41.452013338522434,45.37849966147756,43.4152565
1959-03-06,47.12158585,48.12158585,49.12158585,50.12158585,51.12158585,47.15834268852244,51.08482901147757,49.12158585
1959-03-07,37.73328400000001,38.73328400000001,39.73328400000001,40.73328400000001,41.73328400000001,37.77004083852245,41.696527161477576,39.73328400000001
1959-03-08,39.37962723,40.37962723,41.37962723,42.37962723,43.37962723,39.41638406852243,43.34287039147756,41.37962723
1959-03-09,36.50058746,37.50058746,38.50058746,39.50058746,40.50058746,36.537344298522434,40.46383062147756,38.50058746
1959-03-10,39.9484024,40.9484024,41.9484024,42.9484024,43.9484024,39.985159238522435,43.91164556147756,41.9484024
1959-03-11,46.08377075,47.08377075,48.08377075,49.08377075,50.08377075,46.120527588522435,50.04701391147756,48.08377075
1959-03-12,42.61746597,43.61746597,44.61746597,45.61746597,46.61746597,42.654222808522434,46.58070913147756,44.61746597
1959-03-13,42.66837311,43.66837311,44.66837311,45.66837311,46.66837311,42.70512994852243,46.63161627147756,44.66837311
1959-03-14,38.12852478,39.12852478,40.12852478,41.12852478,42.12852478,38.165281618522435,42.09176794147756,40.12852478
1959-03-15,37.45740891,38.45740891,39.45740891,40.45740891,41.45740891,37.494165748522434,41.42065207147756,39.45740891
1959-03-16,38.37228012,39.37228012,40.37228012,41.37228012,42.37228012,38.409036958522435,42.33552328147756,40.37228012
1959-03-17,42.07183456,43.07183456,44.07183456,45.07183456,46.07183456,42.108591398522435,46.03507772147756,44.07183456
1959-03-18,44.35256577,45.35256577,46.35256577,47.35256577,48.35256577,44.389322608522434,48.31580893147756,46.35256577
1959-03-19,41.74900818,42.74900818,43.74900818,44.74900818,45.74900818,41.78576501852243,45.71225134147756,43.74900818
1959-03-20,38.42115402,39.42115402,40.42115402,41.42115402,42.42115402,38.45791085852244,42.38439718147757,40.42115402
1959-03-21,40.21407318,41.21407318,42.21407318,43.21407318,44.21407318,40.250830018522436,44.177316341477564,42.21407318
1959-03-22,39.86397934,40.86397934,41.86397934,42.86397934,43.86397934,39.900736178522436,43.827222501477564,41.86397934
1959-03-23,40.09482574,41.09482574,42.09482574,43.09482574,44.09482574,40.13158257852243,44.05806890147756,42.09482574
1959-03-24,41.5355835,42.5355835,43.5355835,44.5355835,45.5355835,41.57234033852244,45.498826661477565,43.5355835
1959-03-25,39.62294388,40.62294388,41.62294388,42.62294388,43.62294388,39.65970071852244,43.586187041477565,41.62294388
1959-03-26,37.95864868,38.95864868,39.95864868,40.95864868,41.95864868,37.99540551852244,41.92189184147757,39.95864868
1959-03-27,45.8578186,46.8578186,47.8578186,48.8578186,49.8578186,45.89457543852244,49.821061761477566,47.8578186
1959-03-28,38.03662491,39.03662491,40.03662491,41.03662491,42.03662491,38.073381748522436,41.999868071477565,40.03662491
1959-03-29,35.75318909,36.75318909,37.75318909,38.75318909,39.75318909,35.789945928522435,39.71643225147756,37.75318909
1959-03-30,45.60426712,46.60426712,47.60426712,48.60426712,49.60426712,45.64102395852244,49.56751028147757,47.60426712
1959-03-31,39.58505249,40.58505249,41.58505249,42.58505249,43.58505249,39.62180932852244,43.54829565147757,41.58505249
1959-04-01,41.15076065,42.15076065,43.15076065,44.15076065,45.15076065,41.18751748852244,45.114003811477566,43.15076065
1959-04-02,41.15279388,42.15279388,43.15279388,44.15279388,45.15279388,41.18955071852243,45.11603704147756,43.15279388
1959-04-03,44.80830383,45.80830383,46.80830383,47.80830383,48.80830383,44.845060668522436,48.771546991477564,46.80830383
1959-04-04,36.34500122,37.34500122,38.34500122,39.34500122,40.34500122,36.381758058522436,40.308244381477564,38.34500122
1959-04-05,39.47133636,40.47133636,41.47133636,42.47133636,43.47133636,39.50809319852244,43.434579521477566,41.47133636
1959-04-06,37.18124008,38.18124008,39.18124008,40.18124008,41.18124008,37.21799691852244,41.144483241477566,39.18124008
1959-04-07,39.49067688,40.49067688,41.49067688,42.49067688,43.49067688,39.52743371852244,43.453920041477566,41.49067688
1959-04-08,43.07127379999999,44.07127379999999,45.07127379999999,46.07127379999999,47.07127379999999,43.10803063852243,47.03451696147756,45.07127379999999
1959-04-09,39.12778091,40.12778091,41.12778091,42.12778091,43.12778091,39.164537748522434,43.09102407147756,41.12778091
1959-04-10,37.15974808,38.15974808,39.15974808,40.15974808,41.15974808,37.196504918522436,41.122991241477564,39.15974808
1959-04-11,44.42693329,45.42693329,46.42693329,47.42693329,48.42693329,44.46369012852244,48.390176451477565,46.42693329
1959-04-12,37.08385849,38.08385849,39.08385849,40.08385849,41.08385849,37.12061532852243,41.04710165147756,39.08385849
1959-04-13,35.42341232,36.42341232,37.42341232,38.42341232,39.42341232,35.46016915852243,39.38665548147756,37.42341232
1959-04-14,39.98894882,40.98894882,41.98894882,42.98894882,43.98894882,40.02570565852243,43.95219198147756,41.98894882
1959-04-15,39.14822006,40.14822006,41.14822006,42.14822006,43.14822006,39.184976898522436,43.111463221477564,41.14822006
1959-04-16,37.881073,38.881073,39.881073,40.881073,41.881073,37.91782983852244,41.844316161477565,39.881073
1959-04-17,44.35473633,45.35473633,46.35473633,47.35473633,48.35473633,44.39149316852244,48.317979491477566,46.35473633
1959-04-18,41.578228,42.578228,43.578228,44.578228,45.578228,41.61498483852244,45.54147116147757,43.578228
1959-04-19,39.88395691,40.88395691,41.88395691,42.88395691,43.88395691,39.92071374852244,43.847200071477566,41.88395691
1959-04-20,40.69440842,41.69440842,42.69440842,43.69440842,44.69440842,40.73116525852244,44.657651581477566,42.69440842
1959-04-21,42.48561478,43.48561478,44.48561478,45.48561478,46.48561478,42.522371618522435,46.44885794147756,44.48561478
1959-04-22,41.75027466,42.75027466,43.75027466,44.75027466,45.75027466,41.78703149852244,45.713517821477566,43.75027466
1959-04-23,44.53805923,45.53805923,46.53805923,47.53805923,48.53805923,44.57481606852244,48.501302391477566,46.53805923
1959-04-24,39.49832916,40.49832916,41.49832916,42.49832916,43.49832916,39.53508599852243,43.46157232147756,41.49832916
1959-04-25,39.25439072,40.25439072,41.25439072,42.25439072,43.25439072,39.29114755852244,43.21763388147757,41.25439072
1959-04-26,37.97921753,38.97921753,39.97921753,40.97921753,41.97921753,38.015974368522436,41.942460691477564,39.97921753
1959-04-27,39.85884094,40.85884094,41.85884094,42.85884094,43.85884094,39.895597778522436,43.822084101477564,41.85884094
1959-04-28,38.06544113,39.06544113,40.06544113,41.06544113,42.06544113,38.10219796852244,42.02868429147757,40.06544113
1959-04-29,43.46617126,44.46617126,45.46617126,46.46617126,47.46617126,43.50292809852244,47.42941442147757,45.46617126
1959-04-30,42.73485184,43.73485184,44.73485184,45.73485184,46.73485184,42.77160867852243,46.69809500147756,44.73485184
1959-05-01,38.33678818,39.33678818,40.33678818,41.33678818,42.33678818,38.373545018522435,42.30003134147756,40.33678818
1959-05-02,41.6020546,42.6020546,43.6020546,44.6020546,45.6020546,41.63881143852244,45.56529776147757,43.6020546
1959-05-03,38.83221817,39.83221817,40.83221817,41.83221817,42.83221817,38.86897500852243,42.79546133147756,40.83221817
1959-05-04,37.28638458,38.28638458,39.28638458,40.28638458,41.28638458,37.32314141852244,41.24962774147757,39.28638458
1959-05-05,42.92341614,43.92341614,44.92341614,45.92341614,46.92341614,42.960172978522436,46.886659301477565,44.92341614
1959-05-06,40.44250870000001,41.44250870000001,42.44250870000001,43.44250870000001,44.44250870000001,40.47926553852245,44.405751861477576,42.44250870000001
1959-05-07,39.59396362,40.59396362,41.59396362,42.59396362,43.59396362,39.63072045852243,43.55720678147756,41.59396362
1959-05-08,45.66356277,46.66356277,47.66356277,48.66356277,49.66356277,45.700319608522435,49.62680593147756,47.66356277
1959-05-09,39.0990181,40.0990181,41.0990181,42.0990181,43.0990181,39.13577493852244,43.062261261477566,41.0990181
1959-05-10,39.99509811,40.99509811,41.99509811,42.99509811,43.99509811,40.03185494852244,43.958341271477565,41.99509811
1959-05-11,40.36313629,41.36313629,42.36313629,43.36313629,44.36313629,40.399893128522436,44.326379451477564,42.36313629
1959-05-12,39.57161713,40.57161713,41.57161713,42.57161713,43.57161713,39.608373968522436,43.534860291477564,41.57161713
1959-05-13,43.45376587,44.45376587,45.45376587,46.45376587,47.45376587,43.490522708522434,47.41700903147756,45.45376587
1959-05-14,42.65996552,43.65996552,44.65996552,45.65996552,46.65996552,42.696722358522436,46.623208681477564,44.65996552
1959-05-15,39.85406113,40.85406113,41.85406113,42.85406113,43.85406113,39.890817968522434,43.81730429147756,41.85406113
1959-05-16,37.30091476,38.30091476,39.30091476,40.30091476,41.30091476,37.337671598522434,41.26415792147756,39.30091476
1959-05-17,29.75974846,30.75974846,31.75974846,32.75974846,33.75974846,29.796505298522447,33.72299162147756,31.759748460000004
1959-05-18,38.53234482,39.53234482,40.53234482,41.53234482,42.53234482,38.569101658522435,42.49558798147756,40.53234482
1959-05-19,42.36288452,43.36288452,44.36288452,45.36288452,46.36288452,42.39964135852244,46.326127681477566,44.36288452
1959-05-20,40.98452759,41.98452759,42.98452759,43.98452759,44.98452759,41.021284428522435,44.94777075147756,42.98452759
1959-05-21,46.98928452,47.98928452,48.98928452,49.98928452,50.98928452,47.026041358522434,50.95252768147756,48.98928452
1959-05-22,40.70948029,41.70948029,42.70948029,43.70948029,44.70948029,40.74623712852244,44.672723451477566,42.70948029
1959-05-23,39.75848007,40.75848007,41.75848007,42.75848007,43.75848007,39.79523690852243,43.72172323147756,41.75848007
1959-05-24,44.64126968,45.64126968,46.64126968,47.64126968,48.64126968,44.67802651852244,48.604512841477565,46.64126968
1959-05-25,38.73681259,39.73681259,40.73681259,41.73681259,42.73681259,38.773569428522435,42.700055751477564,40.73681259
1959-05-26,41.74219894,42.74219894,43.74219894,44.74219894,45.74219894,41.77895577852244,45.705442101477566,43.74219894
1959-05-27,40.19231796,41.19231796,42.19231796,43.19231796,44.19231796,40.22907479852243,44.15556112147756,42.19231796
1959-05-28,39.19489288,40.19489288,41.19489288,42.19489288,43.19489288,39.23164971852243,43.15813604147756,41.19489288
1959-05-29,41.06715775,42.06715775,43.06715775,44.06715775,45.06715775,41.103914588522436,45.030400911477564,43.06715775
1959-05-30,38.64442444,39.64442444,40.64442444,41.64442444,42.64442444,38.68118127852244,42.607667601477566,40.64442444
1959-05-31,38.00813675,39.00813675,40.00813675,41.00813675,42.00813675,38.044893588522434,41.97137991147756,40.00813675
1959-06-01,44.01811218,45.01811218,46.01811218,47.01811218,48.01811218,44.05486901852244,47.98135534147757,46.01811218
1959-06-02,40.64793777,41.64793777,42.64793777,43.64793777,44.64793777,40.684694608522435,44.61118093147756,42.64793777
1959-06-03,38.86379242,39.86379242,40.86379242,41.86379242,42.86379242,38.90054925852244,42.82703558147757,40.86379242
1959-06-04,39.95820618,40.95820618,41.95820618,42.95820618,43.95820618,39.994963018522434,43.92144934147756,41.95820618
1959-06-05,45.37822342,46.37822342,47.37822342,48.37822342,49.37822342,45.414980258522434,49.34146658147756,47.37822342
1959-06-06,45.66545868,46.66545868,47.66545868,48.66545868,49.66545868,45.702215518522436,49.628701841477564,47.66545868
1959-06-07,36.36859131,37.36859131,38.36859131,39.36859131,40.36859131,36.405348148522435,40.33183447147756,38.36859131
1959-06-08,37.33269119,38.33269119,39.33269119,40.33269119,41.33269119,37.369448028522434,41.29593435147756,39.33269119
1959-06-09,43.1257782,44.1257782,45.1257782,46.1257782,47.1257782,43.162535038522435,47.08902136147756,45.1257782
1959-06-10,40.99507904,41.99507904,42.99507904,43.99507904,44.99507904,41.031835878522436,44.958322201477564,42.99507904
1959-06-11,45.27978134,46.27978134,47.27978134,48.27978134,49.27978134,45.316538178522435,49.243024501477564,47.27978134
1959-06-12,39.22810745,40.22810745,41.22810745,42.22810745,43.22810745,39.26486428852244,43.19135061147757,41.22810745
1959-06-13,42.97736359,43.97736359,44.97736359,45.97736359,46.97736359,43.01412042852244,46.94060675147757,44.97736359
1959-06-14,39.1725235,40.1725235,41.1725235,42.1725235,43.1725235,39.20928033852243,43.13576666147756,41.1725235
1959-06-15,37.94709396,38.94709396,39.94709396,40.94709396,41.94709396,37.98385079852243,41.91033712147756,39.94709396
1959-06-16,42.12994003,43.12994003,44.12994003,45.12994003,46.12994003,42.166696868522436,46.093183191477564,44.12994003
1959-06-17,42.09151077,43.09151077,44.09151077,45.09151077,46.09151077,42.128267608522435,46.05475393147756,44.09151077
1959-06-18,39.31765747,40.31765747,41.31765747,42.31765747,43.31765747,39.354414308522436,43.280900631477564,41.31765747
1959-06-19,41.19721985,42.19721985,43.19721985,44.19721985,45.19721985,41.23397668852244,45.16046301147757,43.19721985
1959-06-20,45.09543228,46.09543228,47.09543228,48.09543228,49.09543228,45.13218911852243,49.05867544147756,47.09543228
1959-06-21,43.74844742,44.74844742,45.74844742,46.74844742,47.74844742,43.785204258522434,47.71169058147756,45.74844742
1959-06-22,42.42512131,43.42512131,44.42512131,45.42512131,46.42512131,42.46187814852244,46.388364471477566,44.42512131
1959-06-23,42.10342407,43.10342407,44.10342407,45.10342407,46.10342407,42.14018090852244,46.06666723147757,44.10342407
1959-06-24,40.54177856,41.54177856,42.54177856,43.54177856,44.54177856,40.57853539852243,44.50502172147756,42.54177856
1959-06-25,36.83195114,37.83195114,38.83195114,39.83195114,40.83195114,36.86870797852244,40.795194301477565,38.83195114
1959-06-26,42.56623077,43.56623077,44.56623077,45.56623077,46.56623077,42.60298760852243,46.52947393147756,44.56623077
1959-06-27,44.01885986,45.01885986,46.01885986,47.01885986,48.01885986,44.055616698522435,47.98210302147756,46.01885986
1959-06-28,40.76084518,41.76084518,42.76084518,43.76084518,44.76084518,40.79760201852243,44.72408834147756,42.76084518
1959-06-29,39.91513443,40.91513443,41.91513443,42.91513443,43.91513443,39.95189126852244,43.878377591477566,41.91513443
1959-06-30,43.03623581,44.03623581,45.03623581,46.03623581,47.03623581,43.07299264852244,46.999478971477565,45.03623581
1959-07-01,41.30685425,42.30685425,43.30685425,44.30685425,45.30685425,41.34361108852244,45.270097411477565,43.30685425
1959-07-02,42.35126114,43.35126114,44.35126114,45.35126114,46.35126114,42.388017978522434,46.31450430147756,44.35126114
1959-07-03,40.41360474,41.41360474,42.41360474,43.41360474,44.41360474,40.45036157852243,44.37684790147756,42.41360474
1959-07-04,41.02082825,42.02082825,43.02082825,44.02082825,45.02082825,41.05758508852244,44.984071411477565,43.02082825
1959-07-05,40.67357635,41.67357635,42.67357635,43.67357635,44.67357635,40.71033318852243,44.63681951147756,42.67357635
1959-07-06,39.71240997,40.71240997,41.71240997,42.71240997,43.71240997,39.74916680852244,43.67565313147757,41.71240997
1959-07-07,41.9048233,42.9048233,43.9048233,44.9048233,45.9048233,41.94158013852243,45.86806646147756,43.9048233
1959-07-08,40.37161636,41.37161636,42.37161636,43.37161636,44.37161636,40.40837319852243,44.33485952147756,42.37161636
1959-07-09,40.64089203,41.64089203,42.64089203,43.64089203,44.64089203,40.67764886852244,44.60413519147757,42.64089203
1959-07-10,40.96125412,41.96125412,42.96125412,43.96125412,44.96125412,40.998010958522435,44.924497281477564,42.96125412
1959-07-11,43.07363129,44.07363129,45.07363129,46.07363129,47.07363129,43.11038812852244,47.036874451477566,45.07363129
1959-07-12,39.00123978,40.00123978,41.00123978,42.00123978,43.00123978,39.037996618522435,42.96448294147756,41.00123978
1959-07-13,38.60784149,39.60784149,40.60784149,41.60784149,42.60784149,38.644598328522434,42.57108465147756,40.60784149
1959-07-14,42.29842377,43.29842377,44.29842377,45.29842377,46.29842377,42.335180608522435,46.26166693147756,44.29842377
1959-07-15,40.81046295,41.81046295,42.81046295,43.81046295,44.81046295,40.84721978852244,44.773706111477566,42.81046295
1959-07-16,40.10204697,41.10204697,42.10204697,43.10204697,44.10204697,40.13880380852244,44.06529013147757,42.10204697
1959-07-17,41.84514618,42.84514618,43.84514618,44.84514618,45.84514618,41.881903018522436,45.808389341477564,43.84514618
1959-07-18,43.86267853,44.86267853,45.86267853,46.86267853,47.86267853,43.89943536852243,47.82592169147756,45.86267853
1959-07-19,43.39877319,44.39877319,45.39877319,46.39877319,47.39877319,43.435530028522436,47.362016351477564,45.39877319
1959-07-20,44.41737366,45.41737366,46.41737366,47.41737366,48.41737366,44.45413049852244,48.38061682147757,46.41737366
1959-07-21,43.69879532,44.69879532,45.69879532,46.69879532,47.69879532,43.73555215852244,47.662038481477566,45.69879532
1959-07-22,41.68045044,42.68045044,43.68045044,44.68045044,45.68045044,41.71720727852244,45.643693601477565,43.68045044
1959-07-23,44.42657852,45.42657852,46.42657852,47.42657852,48.42657852,44.463335358522436,48.389821681477564,46.42657852
1959-07-24,39.73655319,40.73655319,41.73655319,42.73655319,43.73655319,39.77331002852244,43.699796351477566,41.73655319
1959-07-25,39.44827271,40.44827271,41.44827271,42.44827271,43.44827271,39.485029548522434,43.41151587147756,41.44827271
1959-07-26,39.60998917,40.60998917,41.60998917,42.60998917,43.60998917,39.646746008522435,43.57323233147756,41.60998917
1959-07-27,44.85146713,45.85146713,46.85146713,47.85146713,48.85146713,44.88822396852244,48.81471029147757,46.85146713
1959-07-28,43.14880371,44.14880371,45.14880371,46.14880371,47.14880371,43.18556054852244,47.11204687147757,45.14880371
1959-07-29,44.19361496,45.19361496,46.19361496,47.19361496,48.19361496,44.230371798522434,48.15685812147756,46.19361496
1959-07-30,43.18908691,44.18908691,45.18908691,46.18908691,47.18908691,43.225843748522436,47.152330071477564,45.18908691
1959-07-31,41.79878616,42.79878616,43.79878616,44.79878616,45.79878616,41.835542998522435,45.76202932147756,43.79878616
1959-08-01,45.05277252,46.05277252,47.05277252,48.05277252,49.05277252,45.089529358522434,49.01601568147756,47.05277252
1959-08-02,41.43579483,42.43579483,43.43579483,44.43579483,45.43579483,41.472551668522435,45.39903799147756,43.43579483
1959-08-03,39.43136978,40.43136978,41.43136978,42.43136978,43.43136978,39.46812661852243,43.39461294147756,41.43136978
1959-08-04,44.4668045,45.4668045,46.4668045,47.4668045,48.4668045,44.50356133852244,48.430047661477566,46.4668045
1959-08-05,53.88063812,54.88063812,55.88063812,56.88063812,57.88063812,53.917394958522436,57.843881281477564,55.88063812
1959-08-06,42.66219711,43.66219711,44.66219711,45.66219711,46.66219711,42.69895394852244,46.625440271477565,44.66219711
1959-08-07,37.67528915,38.67528915,39.67528915,40.67528915,41.67528915,37.71204598852243,41.63853231147756,39.67528915
1959-08-08,41.33426285,42.33426285,43.33426285,44.33426285,45.33426285,41.37101968852244,45.297506011477566,43.33426285
1959-08-09,40.2677803,41.2677803,42.2677803,43.2677803,44.2677803,40.304537138522434,44.23102346147756,42.2677803
1959-08-10,41.66856384,42.66856384,43.66856384,44.66856384,45.66856384,41.70532067852243,45.63180700147756,43.66856384
1959-08-11,43.91975021,44.91975021,45.91975021,46.91975021,47.91975021,43.95650704852243,47.88299337147756,45.91975021
1959-08-12,43.7453804,44.7453804,45.7453804,46.7453804,47.7453804,43.78213723852244,47.708623561477566,45.7453804
1959-08-13,42.63420105,43.63420105,44.63420105,45.63420105,46.63420105,42.67095788852244,46.597444211477566,44.63420105
1959-08-14,39.46216965,40.46216965,41.46216965,42.46216965,43.46216965,39.498926488522436,43.425412811477564,41.46216965
1959-08-15,40.20967865,41.20967865,42.20967865,43.20967865,44.20967865,40.24643548852244,44.172921811477565,42.20967865
1959-08-16,43.61796951,44.61796951,45.61796951,46.61796951,47.61796951,43.65472634852244,47.581212671477566,45.61796951
1959-08-17,42.77487564,43.77487564,44.77487564,45.77487564,46.77487564,42.811632478522434,46.73811880147756,44.77487564
1959-08-18,43.34658051,44.34658051,45.34658051,46.34658051,47.34658051,43.38333734852244,47.30982367147757,45.34658051
1959-08-19,44.57884598,45.57884598,46.57884598,47.57884598,48.57884598,44.61560281852243,48.54208914147756,46.57884598
1959-08-20,44.34234238,45.34234238,46.34234238,47.34234238,48.34234238,44.379099218522434,48.30558554147756,46.34234238
1959-08-21,44.58231735,45.58231735,46.58231735,47.58231735,48.58231735,44.61907418852243,48.54556051147756,46.58231735
1959-08-22,42.55012894,43.55012894,44.55012894,45.55012894,46.55012894,42.586885778522436,46.513372101477565,44.55012894
1959-08-23,42.52344513,43.52344513,44.52344513,45.52344513,46.52344513,42.560201968522435,46.48668829147756,44.52344513
1959-08-24,43.98358154,44.98358154,45.98358154,46.98358154,47.98358154,44.02033837852244,47.94682470147757,45.98358154
1959-08-25,47.82463455,48.82463455,49.82463455,50.82463455,51.82463455,47.861391388522435,51.78787771147756,49.82463455
1959-08-26,47.92828751,48.92828751,49.92828751,50.92828751,51.92828751,47.96504434852243,51.89153067147756,49.92828751
1959-08-27,42.70895004,43.70895004,44.70895004,45.70895004,46.70895004,42.745706878522434,46.67219320147756,44.70895004
1959-08-28,40.93939972,41.93939972,42.93939972,43.93939972,44.93939972,40.97615655852243,44.90264288147756,42.93939972
1959-08-29,43.18764114,44.18764114,45.18764114,46.18764114,47.18764114,43.22439797852243,47.15088430147756,45.18764114
1959-08-30,43.13048935,44.13048935,45.13048935,46.13048935,47.13048935,43.167246188522434,47.09373251147756,45.13048935
1959-08-31,43.03849792,44.03849792,45.03849792,46.03849792,47.03849792,43.07525475852243,47.00174108147756,45.03849792
1959-09-01,42.11315155,43.11315155,44.11315155,45.11315155,46.11315155,42.149908388522434,46.07639471147756,44.11315155
1959-09-02,57.8680954,58.8680954,59.8680954,60.8680954,61.8680954,57.90485223852244,61.831338561477565,59.8680954
1959-09-03,41.21434021,42.21434021,43.21434021,44.21434021,45.21434021,41.25109704852244,45.17758337147757,43.21434021
1959-09-04,41.88092422,42.88092422,43.88092422,44.88092422,45.88092422,41.91768105852243,45.84416738147756,43.88092422
1959-09-05,42.21434784,43.21434784,44.21434784,45.21434784,46.21434784,42.25110467852244,46.177591001477566,44.21434784
1959-09-06,43.46492386,44.46492386,45.46492386,46.46492386,47.46492386,43.501680698522435,47.42816702147756,45.46492386
1959-09-07,41.77445984,42.77445984,43.77445984,44.77445984,45.77445984,41.811216678522435,45.73770300147756,43.77445984
1959-09-08,43.26408768,44.26408768,45.26408768,46.26408768,47.26408768,43.30084451852244,47.22733084147757,45.26408768
1959-09-09,45.15708923,46.15708923,47.15708923,48.15708923,49.15708923,45.19384606852243,49.12033239147756,47.15708923
1959-09-10,42.88994217,43.88994217,44.88994217,45.88994217,46.88994217,42.926699008522434,46.85318533147756,44.88994217
1959-09-11,43.27061844,44.27061844,45.27061844,46.27061844,47.27061844,43.307375278522436,47.233861601477564,45.27061844
1959-09-12,44.41184235,45.41184235,46.41184235,47.41184235,48.41184235,44.44859918852244,48.375085511477565,46.41184235
1959-09-13,43.41095352,44.41095352,45.41095352,46.41095352,47.41095352,43.447710358522436,47.374196681477564,45.41095352
1959-09-14,39.54911041,40.54911041,41.54911041,42.54911041,43.54911041,39.58586724852243,43.51235357147756,41.54911041
1959-09-15,41.87221146,42.87221146,43.87221146,44.87221146,45.87221146,41.90896829852244,45.83545462147757,43.87221146
1959-09-16,46.19478226,47.19478226,48.19478226,49.19478226,50.19478226,46.23153909852243,50.15802542147756,48.19478226
1959-09-17,46.4455719,47.4455719,48.4455719,49.4455719,50.4455719,46.48232873852243,50.40881506147756,48.4455719
1959-09-18,46.09278107,47.09278107,48.09278107,49.09278107,50.09278107,46.12953790852244,50.056024231477565,48.09278107
1959-09-19,46.72221756,47.72221756,48.72221756,49.72221756,50.72221756,46.75897439852243,50.68546072147756,48.72221756
1959-09-20,43.49507141,44.49507141,45.49507141,46.49507141,47.49507141,43.53182824852244,47.458314571477565,45.49507141
1959-09-21,48.69483185,49.69483185,50.69483185,51.69483185,52.69483185,48.731588688522436,52.658075011477564,50.69483185
1959-09-22,52.26729965,53.26729965,54.26729965,55.26729965,56.26729965,52.304056488522434,56.23054281147756,54.26729965
1959-09-23,61.99436569,62.99436569,63.99436569,64.99436569,65.99436569,62.03112252852244,65.95760885147754,63.994365689999995
1959-09-24,47.73141098,48.73141098,49.73141098,50.73141098,51.73141098,47.768167818522436,51.694654141477564,49.73141098
1959-09-25,46.77542114,47.77542114,48.77542114,49.77542114,50.77542114,46.812177978522435,50.73866430147756,48.77542114
1959-09-26,45.15692139,46.15692139,47.15692139,48.15692139,49.15692139,45.19367822852244,49.120164551477565,47.15692139
1959-09-27,42.77378082,43.77378082,44.77378082,45.77378082,46.77378082,42.810537658522435,46.73702398147756,44.77378082
1959-09-28,45.39996719,46.39996719,47.39996719,48.39996719,49.39996719,45.436724028522434,49.36321035147756,47.39996719
1959-09-29,45.93661499,46.93661499,47.93661499,48.93661499,49.93661499,45.97337182852244,49.89985815147757,47.93661499
1959-09-30,53.92874527,54.92874527,55.92874527,56.92874527,57.92874527,53.965502108522436,57.891988431477564,55.92874527
1959-10-01,47.09723663,48.09723663,49.09723663,50.09723663,51.09723663,47.13399346852243,51.06047979147756,49.09723663
1959-10-02,45.27012253,46.27012253,47.27012253,48.27012253,49.27012253,45.30687936852244,49.233365691477566,47.27012253
1959-10-03,46.49491882,47.49491882,48.49491882,49.49491882,50.49491882,46.53167565852244,50.458161981477566,48.49491882
1959-10-04,47.0079422,48.0079422,49.0079422,50.0079422,51.0079422,47.04469903852244,50.971185361477566,49.0079422
1959-10-05,43.79228592,44.79228592,45.79228592,46.79228592,47.79228592,43.829042758522434,47.75552908147756,45.79228592
1959-10-06,43.36298370000001,44.36298370000001,45.36298370000001,46.36298370000001,47.36298370000001,43.399740538522444,47.32622686147757,45.36298370000001
1959-10-07,47.34599686,48.34599686,49.34599686,50.34599686,51.34599686,47.382753698522436,51.309240021477564,49.34599686
1959-10-08,45.05756760000001,46.05756760000001,47.05756760000001,48.05756760000001,49.05756760000001,45.09432443852245,49.02081076147758,47.05756760000001
1959-10-09,47.9498558,48.9498558,49.9498558,50.9498558,51.9498558,47.98661263852244,51.913098961477566,49.9498558
1959-10-10,47.27220154,48.27220154,49.27220154,50.27220154,51.27220154,47.30895837852243,51.23544470147756,49.27220154
1959-10-11,43.89135742,44.89135742,45.89135742,46.89135742,47.89135742,43.928114258522434,47.85460058147756,45.89135742
1959-10-12,42.70306396,43.70306396,44.70306396,45.70306396,46.70306396,42.73982079852244,46.666307121477566,44.70306396
1959-10-13,54.81024551,55.81024551,56.81024551,57.81024551,58.81024551,54.84700234852244,58.773488671477566,56.81024551
1959-10-14,43.68748856,44.68748856,45.68748856,46.68748856,47.68748856,43.724245398522434,47.65073172147756,45.68748856
1959-10-15,44.29846573,45.29846573,46.29846573,47.29846573,48.29846573,44.33522256852243,48.26170889147756,46.29846573
1959-10-16,45.59725571,46.59725571,47.59725571,48.59725571,49.59725571,45.634012548522435,49.56049887147756,47.59725571
1959-10-17,45.46261978,46.46261978,47.46261978,48.46261978,49.46261978,45.49937661852243,49.42586294147756,47.46261978
1959-10-18,44.02086639,45.02086639,46.02086639,47.02086639,48.02086639,44.05762322852244,47.984109551477566,46.02086639
1959-10-19,43.41709518,44.41709518,45.41709518,46.41709518,47.41709518,43.45385201852243,47.38033834147756,45.41709518
1959-10-20,41.59170532,42.59170532,43.59170532,44.59170532,45.59170532,41.62846215852244,45.55494848147757,43.59170532
1959-10-21,39.83920670000001,40.83920670000001,41.83920670000001,42.83920670000001,43.83920670000001,39.87596353852245,43.80244986147758,41.83920670000001
1959-10-22,43.36551666,44.36551666,45.36551666,46.36551666,47.36551666,43.40227349852243,47.32875982147756,45.36551666
1959-10-23,44.13963699,45.13963699,46.13963699,47.13963699,48.13963699,44.176393828522436,48.102880151477564,46.13963699
1959-10-24,43.89797592,44.89797592,45.89797592,46.89797592,47.89797592,43.934732758522436,47.861219081477564,45.89797592
1959-10-25,43.50967789,44.50967789,45.50967789,46.50967789,47.50967789,43.546434728522435,47.47292105147756,45.50967789
1959-10-26,41.24007416,42.24007416,43.24007416,44.24007416,45.24007416,41.276830998522435,45.20331732147756,43.24007416
1959-10-27,41.31106949,42.31106949,43.31106949,44.31106949,45.31106949,41.34782632852244,45.274312651477565,43.31106949
1959-10-28,45.24230194,46.24230194,47.24230194,48.24230194,49.24230194,45.27905877852243,49.20554510147756,47.24230194
1959-10-29,42.95175171,43.95175171,44.95175171,45.95175171,46.95175171,42.98850854852244,46.91499487147757,44.95175171
1959-10-30,44.55490494,45.55490494,46.55490494,47.55490494,48.55490494,44.591661778522436,48.518148101477564,46.55490494
1959-10-31,43.4523468,44.4523468,45.4523468,46.4523468,47.4523468,43.48910363852244,47.415589961477565,45.4523468
1959-11-01,47.95098114,48.95098114,49.95098114,50.95098114,51.95098114,47.98773797852244,51.91422430147757,49.95098114
1959-11-02,47.2253685,48.2253685,49.2253685,50.2253685,51.2253685,47.26212533852244,51.188611661477566,49.2253685
1959-11-03,44.19249725,45.19249725,46.19249725,47.19249725,48.19249725,44.22925408852244,48.15574041147757,46.19249725
1959-11-04,42.24204254,43.24204254,44.24204254,45.24204254,46.24204254,42.278799378522436,46.205285701477564,44.24204254
1959-11-05,44.87311935,45.87311935,46.87311935,47.87311935,48.87311935,44.90987618852244,48.83636251147757,46.87311935
1959-11-06,45.28115082,46.28115082,47.28115082,48.28115082,49.28115082,45.31790765852244,49.244393981477565,47.28115082
1959-11-07,44.86940002,45.86940002,46.86940002,47.86940002,48.86940002,44.906156858522436,48.832643181477565,46.86940002
1959-11-08,42.26186371,43.26186371,44.26186371,45.26186371,46.26186371,42.298620548522436,46.225106871477564,44.26186371
1959-11-09,43.68188858,44.68188858,45.68188858,46.68188858,47.68188858,43.718645418522435,47.64513174147756,45.68188858
1959-11-10,39.8539238,40.8539238,41.8539238,42.8539238,43.8539238,39.89068063852243,43.81716696147756,41.8539238
1959-11-11,41.69081879,42.69081879,43.69081879,44.69081879,45.69081879,41.72757562852244,45.654061951477566,43.69081879
1959-11-12,43.25647354,44.25647354,45.25647354,46.25647354,47.25647354,43.29323037852244,47.219716701477566,45.25647354
1959-11-13,40.88380051,41.88380051,42.88380051,43.88380051,44.88380051,40.920557348522436,44.847043671477564,42.88380051
1959-11-14,39.22648239,40.22648239,41.22648239,42.22648239,43.22648239,39.26323922852244,43.189725551477565,41.22648239
1959-11-15,42.9271698,43.9271698,44.9271698,45.9271698,46.9271698,42.96392663852244,46.890412961477566,44.9271698
1959-11-16,40.93720245,41.93720245,42.93720245,43.93720245,44.93720245,40.97395928852244,44.900445611477565,42.93720245
1959-11-17,40.41872406,41.41872406,42.41872406,43.41872406,44.41872406,40.45548089852244,44.38196722147757,42.41872406
1959-11-18,42.7302475,43.7302475,44.7302475,45.7302475,46.7302475,42.76700433852243,46.69349066147756,44.7302475
1959-11-19,42.29456329,43.29456329,44.29456329,45.29456329,46.29456329,42.331320128522435,46.25780645147756,44.29456329
1959-11-20,46.00445938,47.00445938,48.00445938,49.00445938,50.00445938,46.041216218522436,49.967702541477564,48.00445938
1959-11-21,44.78470993,45.78470993,46.78470993,47.78470993,48.78470993,44.821466768522434,48.74795309147756,46.78470993
1959-11-22,40.872612,41.872612,42.872612,43.872612,44.872612,40.90936883852243,44.83585516147756,42.872612
1959-11-23,46.92900848,47.92900848,48.92900848,49.92900848,50.92900848,46.965765318522436,50.892251641477564,48.92900848
1959-11-24,44.41988373,45.41988373,46.41988373,47.41988373,48.41988373,44.45664056852244,48.383126891477566,46.41988373
1959-11-25,42.42309952,43.42309952,44.42309952,45.42309952,46.42309952,42.45985635852244,46.386342681477565,44.42309952
1959-11-26,44.59034348,45.59034348,46.59034348,47.59034348,48.59034348,44.62710031852244,48.553586641477565,46.59034348
1959-11-27,43.34560013,44.34560013,45.34560013,46.34560013,47.34560013,43.38235696852244,47.308843291477565,45.34560013
1959-11-28,44.68452454,45.68452454,46.68452454,47.68452454,48.68452454,44.721281378522434,48.64776770147756,46.68452454
1959-11-29,42.23472595,43.23472595,44.23472595,45.23472595,46.23472595,42.271482788522434,46.19796911147756,44.23472595
1959-11-30,43.47424698,44.47424698,45.47424698,46.47424698,47.47424698,43.51100381852243,47.43749014147756,45.47424698
1959-12-01,43.77173615,44.77173615,45.77173615,46.77173615,47.77173615,43.80849298852244,47.73497931147757,45.77173615
1959-12-02,41.17119217,42.17119217,43.17119217,44.17119217,45.17119217,41.207949008522434,45.13443533147756,43.17119217
1959-12-03,42.81968689,43.81968689,44.81968689,45.81968689,46.81968689,42.856443728522436,46.782930051477564,44.81968689
1959-12-04,41.08809662,42.08809662,43.08809662,44.08809662,45.08809662,41.12485345852244,45.051339781477566,43.08809662
1959-12-05,40.79026413,41.79026413,42.79026413,43.79026413,44.79026413,40.82702096852243,44.75350729147756,42.79026413
1959-12-06,43.22332382,44.22332382,45.22332382,46.22332382,47.22332382,43.26008065852243,47.18656698147756,45.22332382
1959-12-07,44.8157959,45.8157959,46.8157959,47.8157959,48.8157959,44.852552738522434,48.77903906147756,46.8157959
1959-12-08,41.63474274,42.63474274,43.63474274,44.63474274,45.63474274,41.671499578522436,45.597985901477564,43.63474274
1959-12-09,44.86117172,45.86117172,46.86117172,47.86117172,48.86117172,44.89792855852244,48.824414881477566,46.86117172
1959-12-10,44.01218414,45.01218414,46.01218414,47.01218414,48.01218414,44.04894097852244,47.975427301477566,46.01218414
1959-12-11,45.84128952,46.84128952,47.84128952,48.84128952,49.84128952,45.87804635852243,49.80453268147756,47.84128952
1959-12-12,43.76261902,44.76261902,45.76261902,46.76261902,47.76261902,43.79937585852244,47.72586218147757,45.76261902
1959-12-13,46.24423981,47.24423981,48.24423981,49.24423981,50.24423981,46.28099664852244,50.20748297147757,48.24423981
1959-12-14,45.57386398,46.57386398,47.57386398,48.57386398,49.57386398,45.610620818522435,49.53710714147756,47.57386398
1959-12-15,41.20155334,42.20155334,43.20155334,44.20155334,45.20155334,41.23831017852243,45.16479650147756,43.20155334
1959-12-16,44.72087097,45.72087097,46.72087097,47.72087097,48.72087097,44.757627808522436,48.684114131477564,46.72087097
1959-12-17,43.88356781,44.88356781,45.88356781,46.88356781,47.88356781,43.92032464852244,47.84681097147757,45.88356781
1959-12-18,43.32366943,44.32366943,45.32366943,46.32366943,47.32366943,43.36042626852244,47.28691259147757,45.32366943
1959-12-19,41.66548157,42.66548157,43.66548157,44.66548157,45.66548157,41.70223840852243,45.62872473147756,43.66548157
1959-12-20,39.75669479,40.75669479,41.75669479,42.75669479,43.75669479,39.79345162852243,43.71993795147756,41.75669479
1959-12-21,43.57778168,44.57778168,45.57778168,46.57778168,47.57778168,43.61453851852244,47.541024841477565,45.57778168
1959-12-22,41.33998108,42.33998108,43.33998108,44.33998108,45.33998108,41.37673791852244,45.303224241477565,43.33998108
1959-12-23,40.9393158,41.9393158,42.9393158,43.9393158,44.9393158,40.97607263852244,44.90255896147757,42.9393158
1959-12-24,43.77968979,44.77968979,45.77968979,46.77968979,47.77968979,43.816446628522435,47.74293295147756,45.77968979
1959-12-25,43.25801468,44.25801468,45.25801468,46.25801468,47.25801468,43.29477151852244,47.221257841477566,45.25801468
1959-12-26,39.06787872,40.06787872,41.06787872,42.06787872,43.06787872,39.10463555852244,43.03112188147757,41.06787872
1959-12-27,41.40752411,42.40752411,43.40752411,44.40752411,45.40752411,41.44428094852243,45.37076727147756,43.40752411
1959-12-28,38.42316818,39.42316818,40.42316818,41.42316818,42.42316818,38.45992501852243,42.38641134147756,40.42316818
1959-12-29,44.00778961,45.00778961,46.00778961,47.00778961,48.00778961,44.04454644852244,47.97103277147757,46.00778961
1959-12-30,43.63644028,44.63644028,45.63644028,46.63644028,47.63644028,43.67319711852244,47.599683441477566,45.63644028
1959-12-31,40.01176071,41.01176071,42.01176071,43.01176071,44.01176071,40.04851754852243,43.97500387147756,42.01176071
